<?xml version="1.0" encoding="utf-8"?>
<PublicationDelivery xmlns:xsi="http://www.w3.org/2001/XMLSchema-instance" xmlns="http://www.netex.org.uk/netex" xmlns:gml="http://www.opengis.net/gml/3.2" version="1.04:NO-NeTEx-networktimetable:1.0">
  <PublicationTimestamp>2017-02-28T15:31:00</PublicationTimestamp>
  <ParticipantRef>RUT</ParticipantRef>
  <dataObjects>
    <CompositeFrame id="RUT:CompositeFrame:1" version="any" modification="new">
      <validityConditions>
        <ValidBetween>
          <FromDate>2017-02-27T00:00:00+01:00</FromDate>
          <ToDate>2017-03-05T23:59:59+01:00</ToDate>
        </ValidBetween>
      </validityConditions>
      <codespaces>
        <Codespace id="RUT">
          <Xmlns>RUT</Xmlns>
          <XmlnsUrl>http://www.rutebanken.org/ns/rut</XmlnsUrl>
          <Description>Ruter</Description>
        </Codespace>
        <Codespace id="NSR">
          <Xmlns>NSR</Xmlns>
          <XmlnsUrl>http://www.rutebanken.org/ns/nsr</XmlnsUrl>
          <Description>Nasjonalt stoppestedsregister</Description>
        </Codespace>
      </codespaces>
      <FrameDefaults>
        <DefaultDataSourceRef ref="RUT:DataSource:1"/>
        <DefaultLocale>
          <TimeZone>CET</TimeZone>
        </DefaultLocale>
      </FrameDefaults>
      <versions>
        <Version id="RUT:Version:20170228" version="20170228">
          <StartDate>2017-02-27T00:00:00+01:00</StartDate>
          <EndDate>2017-03-05T23:59:59+01:00</EndDate>
        </Version>
      </versions>
      <frames>
        <ResourceFrame id="RUT:ResourceFrame:1" version="20170228">
          <dataSources>
            <DataSource id="RUT:DataSource:1" version="20170228">
              <Name>Hastus-Ruter</Name>
              <Description>Hastus 2013 by GIRO</Description>
              <Email>support@ruter.no</Email>
            </DataSource>
          </dataSources>
          <organisations>
            <Operator id="RUT:Operator:070" version="20170228">
              <Name>Konsentra AS</Name>
              <ContactDetails>
                <Email>kjell-t@ring.no</Email>
              </ContactDetails>
              <Address>
                <AddressLine1>Storgata 999</AddressLine1>
                <Town>1234 Lillevik</Town>
              </Address>
              <CustomerServiceContactDetails>
                <Email>kundemishandling@velkommen.no</Email>
              </CustomerServiceContactDetails>
            </Operator>
            <Operator id="RUT:Operator:120" version="20170228">
              <Name>Nobina Norge AS</Name>
              <ContactDetails>
                <Email>kjell-t@ring.no</Email>
              </ContactDetails>
              <Address>
                <AddressLine1>Storgata 999</AddressLine1>
                <Town>1234 Lillevik</Town>
              </Address>
              <CustomerServiceContactDetails>
                <Email>kundemishandling@velkommen.no</Email>
              </CustomerServiceContactDetails>
            </Operator>
            <Operator id="RUT:Operator:130" version="20170228">
              <Name>Norgesbuss AS</Name>
              <ContactDetails>
                <Email>kjell-t@ring.no</Email>
              </ContactDetails>
              <Address>
                <AddressLine1>Storgata 999</AddressLine1>
                <Town>1234 Lillevik</Town>
              </Address>
              <CustomerServiceContactDetails>
                <Email>kundemishandling@velkommen.no</Email>
              </CustomerServiceContactDetails>
            </Operator>
            <Operator id="RUT:Operator:130a" version="20170228">
              <Name>Norgesbuss Drøbak</Name>
              <ContactDetails>
                <Email>kjell-t@ring.no</Email>
              </ContactDetails>
              <Address>
                <AddressLine1>Storgata 999</AddressLine1>
                <Town>1234 Lillevik</Town>
              </Address>
              <CustomerServiceContactDetails>
                <Email>kundemishandling@velkommen.no</Email>
              </CustomerServiceContactDetails>
            </Operator>
            <Operator id="RUT:Operator:130b" version="20170228">
              <Name>Norgesbuss Asker og Bærum</Name>
              <ContactDetails>
                <Email>kjell-t@ring.no</Email>
              </ContactDetails>
              <Address>
                <AddressLine1>Storgata 999</AddressLine1>
                <Town>1234 Lillevik</Town>
              </Address>
              <CustomerServiceContactDetails>
                <Email>kundemishandling@velkommen.no</Email>
              </CustomerServiceContactDetails>
            </Operator>
            <Operator id="RUT:Operator:130c" version="20170228">
              <Name>Norgesbuss Nittedal</Name>
              <ContactDetails>
                <Email>kjell-t@ring.no</Email>
              </ContactDetails>
              <Address>
                <AddressLine1>Storgata 999</AddressLine1>
                <Town>1234 Lillevik</Town>
              </Address>
              <CustomerServiceContactDetails>
                <Email>kundemishandling@velkommen.no</Email>
              </CustomerServiceContactDetails>
            </Operator>
            <Operator id="RUT:Operator:140" version="20170228">
              <Name>Nettbuss AS</Name>
              <ContactDetails>
                <Email>kjell-t@ring.no</Email>
              </ContactDetails>
              <Address>
                <AddressLine1>Storgata 999</AddressLine1>
                <Town>1234 Lillevik</Town>
              </Address>
              <CustomerServiceContactDetails>
                <Email>kundemishandling@velkommen.no</Email>
              </CustomerServiceContactDetails>
            </Operator>
            <Operator id="RUT:Operator:160" version="20170228">
              <Name>Unibuss AS</Name>
              <ContactDetails>
                <Email>kjell-t@ring.no</Email>
              </ContactDetails>
              <Address>
                <AddressLine1>Storgata 999</AddressLine1>
                <Town>1234 Lillevik</Town>
              </Address>
              <CustomerServiceContactDetails>
                <Email>kundemishandling@velkommen.no</Email>
              </CustomerServiceContactDetails>
            </Operator>
            <Operator id="RUT:Operator:210" version="20170228">
              <Name>Sporveien T-banen AS</Name>
              <ContactDetails>
                <Email>kjell-t@ring.no</Email>
              </ContactDetails>
              <Address>
                <AddressLine1>Storgata 999</AddressLine1>
                <Town>1234 Lillevik</Town>
              </Address>
              <CustomerServiceContactDetails>
                <Email>kundemishandling@velkommen.no</Email>
              </CustomerServiceContactDetails>
            </Operator>
            <Operator id="RUT:Operator:220" version="20170228">
              <Name>Sporveien Trikken AS</Name>
              <ContactDetails>
                <Email>kjell-t@ring.no</Email>
              </ContactDetails>
              <Address>
                <AddressLine1>Storgata 999</AddressLine1>
                <Town>1234 Lillevik</Town>
              </Address>
              <CustomerServiceContactDetails>
                <Email>kundemishandling@velkommen.no</Email>
              </CustomerServiceContactDetails>
            </Operator>
            <Operator id="RUT:Operator:241" version="20170228">
              <Name>Metro</Name>
              <ContactDetails>
                <Email>kjell-t@ring.no</Email>
              </ContactDetails>
              <Address>
                <AddressLine1>Storgata 999</AddressLine1>
                <Town>1234 Lillevik</Town>
              </Address>
              <CustomerServiceContactDetails>
                <Email>kundemishandling@velkommen.no</Email>
              </CustomerServiceContactDetails>
            </Operator>
            <Operator id="RUT:Operator:330" version="20170228">
              <Name>Oslo-Fergene AS</Name>
              <ContactDetails>
                <Email>kjell-t@ring.no</Email>
              </ContactDetails>
              <Address>
                <AddressLine1>Storgata 999</AddressLine1>
                <Town>1234 Lillevik</Town>
              </Address>
              <CustomerServiceContactDetails>
                <Email>kundemishandling@velkommen.no</Email>
              </CustomerServiceContactDetails>
            </Operator>
            <Operator id="RUT:Operator:340" version="20170228">
              <Name>Skibs AS Bygdøfærgene</Name>
              <ContactDetails>
                <Email>kjell-t@ring.no</Email>
              </ContactDetails>
              <Address>
                <AddressLine1>Storgata 999</AddressLine1>
                <Town>1234 Lillevik</Town>
              </Address>
              <CustomerServiceContactDetails>
                <Email>kundemishandling@velkommen.no</Email>
              </CustomerServiceContactDetails>
            </Operator>
            <Operator id="RUT:Operator:350" version="20170228">
              <Name>Norled</Name>
              <ContactDetails>
                <Email>kjell-t@ring.no</Email>
              </ContactDetails>
              <Address>
                <AddressLine1>Storgata 999</AddressLine1>
                <Town>1234 Lillevik</Town>
              </Address>
              <CustomerServiceContactDetails>
                <Email>kundemishandling@velkommen.no</Email>
              </CustomerServiceContactDetails>
            </Operator>
            <Operator id="RUT:Operator:414" version="20170228">
              <Name>Oslo taxibuss</Name>
              <ContactDetails>
                <Email>kjell-t@ring.no</Email>
              </ContactDetails>
              <Address>
                <AddressLine1>Storgata 999</AddressLine1>
                <Town>1234 Lillevik</Town>
              </Address>
              <CustomerServiceContactDetails>
                <Email>kundemishandling@velkommen.no</Email>
              </CustomerServiceContactDetails>
            </Operator>
            <Operator id="RUT:Operator:519" version="20170228">
              <Name>Oslo Taxibuss Follo</Name>
              <ContactDetails>
                <Email>kjell-t@ring.no</Email>
              </ContactDetails>
              <Address>
                <AddressLine1>Storgata 999</AddressLine1>
                <Town>1234 Lillevik</Town>
              </Address>
              <CustomerServiceContactDetails>
                <Email>kundemishandling@velkommen.no</Email>
              </CustomerServiceContactDetails>
            </Operator>
            <Operator id="RUT:Operator:520" version="20170228">
              <Name>Taxus</Name>
              <ContactDetails>
                <Email>kjell-t@ring.no</Email>
              </ContactDetails>
              <Address>
                <AddressLine1>Storgata 999</AddressLine1>
                <Town>1234 Lillevik</Town>
              </Address>
              <CustomerServiceContactDetails>
                <Email>kundemishandling@velkommen.no</Email>
              </CustomerServiceContactDetails>
            </Operator>
            <Operator id="RUT:Operator:521" version="20170228">
              <Name>Tomren</Name>
              <ContactDetails>
                <Email>kjell-t@ring.no</Email>
              </ContactDetails>
              <Address>
                <AddressLine1>Storgata 999</AddressLine1>
                <Town>1234 Lillevik</Town>
              </Address>
              <CustomerServiceContactDetails>
                <Email>kundemishandling@velkommen.no</Email>
              </CustomerServiceContactDetails>
            </Operator>
            <Operator id="RUT:Operator:522" version="20170228">
              <Name>Gardermoen Taxisenter</Name>
              <ContactDetails>
                <Email>kjell-t@ring.no</Email>
              </ContactDetails>
              <Address>
                <AddressLine1>Storgata 999</AddressLine1>
                <Town>1234 Lillevik</Town>
              </Address>
              <CustomerServiceContactDetails>
                <Email>kundemishandling@velkommen.no</Email>
              </CustomerServiceContactDetails>
            </Operator>
            <Operator id="RUT:Operator:JCD" version="20170228">
              <Name>JCDecaux</Name>
              <ContactDetails>
                <Email>kjell-t@ring.no</Email>
              </ContactDetails>
              <Address>
                <AddressLine1>Storgata 999</AddressLine1>
                <Town>1234 Lillevik</Town>
              </Address>
              <CustomerServiceContactDetails>
                <Email>kundemishandling@velkommen.no</Email>
              </CustomerServiceContactDetails>
            </Operator>
            <Operator id="RUT:Operator:NSB" version="20170228">
              <Name>NSB Tog</Name>
              <ContactDetails>
                <Email>kjell-t@ring.no</Email>
              </ContactDetails>
              <Address>
                <AddressLine1>Storgata 999</AddressLine1>
                <Town>1234 Lillevik</Town>
              </Address>
              <CustomerServiceContactDetails>
                <Email>kundemishandling@velkommen.no</Email>
              </CustomerServiceContactDetails>
            </Operator>
            <Authority id="RUT:Authority:RUT" version="20170228">
              <Name>RUT</Name>
              <ContactDetails>
                <Email>support@ruter.no</Email>
              </ContactDetails>
            </Authority>
          </organisations>
        </ResourceFrame>
        <ServiceCalendarFrame id="RUT:ServiceCalendarFrame:1" version="any">
          <ServiceCalendar id="RUT:ServiceCalendar:1" version="any">
            <dayTypes>
              <DayType version="any" id="RUT:DayType:1-88678"/>
              <DayType version="any" id="RUT:DayType:2-88678"/>
              <DayType version="any" id="RUT:DayType:3-88678"/>
              <DayType version="any" id="RUT:DayType:4-88678"/>
              <DayType version="any" id="RUT:DayType:5-88678"/>
              <DayType version="any" id="RUT:DayType:6-88678"/>
              <DayType version="any" id="RUT:DayType:0-88678"/>
              <DayType version="any" id="RUT:DayType:1-88619"/>
              <DayType version="any" id="RUT:DayType:2-88619"/>
              <DayType version="any" id="RUT:DayType:3-88619"/>
              <DayType version="any" id="RUT:DayType:4-88619"/>
              <DayType version="any" id="RUT:DayType:5-88619"/>
              <DayType version="any" id="RUT:DayType:6-88619"/>
              <DayType version="any" id="RUT:DayType:0-88619"/>
              <DayType version="any" id="RUT:DayType:1-88566"/>
              <DayType version="any" id="RUT:DayType:2-88566"/>
              <DayType version="any" id="RUT:DayType:3-88566"/>
              <DayType version="any" id="RUT:DayType:4-88566"/>
              <DayType version="any" id="RUT:DayType:5-88566"/>
              <DayType version="any" id="RUT:DayType:6-88566"/>
              <DayType version="any" id="RUT:DayType:0-88566"/>
            </dayTypes>
          </ServiceCalendar>
          <dayTypeAssignments>
            <DayTypeAssignment version="any" order="1" id="RUT:DayTypeAssignment:1-88678">
              <Date>2017-02-27</Date>
              <DayTypeRef version="any" ref="RUT:DayType:1-88678"/>
            </DayTypeAssignment>
            <DayTypeAssignment version="any" order="1" id="RUT:DayTypeAssignment:2-88678">
              <Date>2017-02-28</Date>
              <DayTypeRef version="any" ref="RUT:DayType:2-88678"/>
            </DayTypeAssignment>
            <DayTypeAssignment version="any" order="1" id="RUT:DayTypeAssignment:3-88678">
              <Date>2017-03-01</Date>
              <DayTypeRef version="any" ref="RUT:DayType:3-88678"/>
            </DayTypeAssignment>
            <DayTypeAssignment version="any" order="1" id="RUT:DayTypeAssignment:4-88678">
              <Date>2017-03-02</Date>
              <DayTypeRef version="any" ref="RUT:DayType:4-88678"/>
            </DayTypeAssignment>
            <DayTypeAssignment version="any" order="1" id="RUT:DayTypeAssignment:5-88678">
              <Date>2017-03-03</Date>
              <DayTypeRef version="any" ref="RUT:DayType:5-88678"/>
            </DayTypeAssignment>
            <DayTypeAssignment version="any" order="1" id="RUT:DayTypeAssignment:6-88678">
              <Date>2017-03-04</Date>
              <DayTypeRef version="any" ref="RUT:DayType:6-88678"/>
            </DayTypeAssignment>
            <DayTypeAssignment version="any" order="1" id="RUT:DayTypeAssignment:0-88678">
              <Date>2017-03-05</Date>
              <DayTypeRef version="any" ref="RUT:DayType:0-88678"/>
            </DayTypeAssignment>
            <DayTypeAssignment version="any" order="1" id="RUT:DayTypeAssignment:1-88619">
              <Date>2017-02-27</Date>
              <DayTypeRef version="any" ref="RUT:DayType:1-88619"/>
            </DayTypeAssignment>
            <DayTypeAssignment version="any" order="1" id="RUT:DayTypeAssignment:2-88619">
              <Date>2017-02-28</Date>
              <DayTypeRef version="any" ref="RUT:DayType:2-88619"/>
            </DayTypeAssignment>
            <DayTypeAssignment version="any" order="1" id="RUT:DayTypeAssignment:3-88619">
              <Date>2017-03-01</Date>
              <DayTypeRef version="any" ref="RUT:DayType:3-88619"/>
            </DayTypeAssignment>
            <DayTypeAssignment version="any" order="1" id="RUT:DayTypeAssignment:4-88619">
              <Date>2017-03-02</Date>
              <DayTypeRef version="any" ref="RUT:DayType:4-88619"/>
            </DayTypeAssignment>
            <DayTypeAssignment version="any" order="1" id="RUT:DayTypeAssignment:5-88619">
              <Date>2017-03-03</Date>
              <DayTypeRef version="any" ref="RUT:DayType:5-88619"/>
            </DayTypeAssignment>
            <DayTypeAssignment version="any" order="1" id="RUT:DayTypeAssignment:6-88619">
              <Date>2017-03-04</Date>
              <DayTypeRef version="any" ref="RUT:DayType:6-88619"/>
            </DayTypeAssignment>
            <DayTypeAssignment version="any" order="1" id="RUT:DayTypeAssignment:0-88619">
              <Date>2017-03-05</Date>
              <DayTypeRef version="any" ref="RUT:DayType:0-88619"/>
            </DayTypeAssignment>
            <DayTypeAssignment version="any" order="1" id="RUT:DayTypeAssignment:1-88566">
              <Date>2017-02-27</Date>
              <DayTypeRef version="any" ref="RUT:DayType:1-88566"/>
            </DayTypeAssignment>
            <DayTypeAssignment version="any" order="1" id="RUT:DayTypeAssignment:2-88566">
              <Date>2017-02-28</Date>
              <DayTypeRef version="any" ref="RUT:DayType:2-88566"/>
            </DayTypeAssignment>
            <DayTypeAssignment version="any" order="1" id="RUT:DayTypeAssignment:3-88566">
              <Date>2017-03-01</Date>
              <DayTypeRef version="any" ref="RUT:DayType:3-88566"/>
            </DayTypeAssignment>
            <DayTypeAssignment version="any" order="1" id="RUT:DayTypeAssignment:4-88566">
              <Date>2017-03-02</Date>
              <DayTypeRef version="any" ref="RUT:DayType:4-88566"/>
            </DayTypeAssignment>
            <DayTypeAssignment version="any" order="1" id="RUT:DayTypeAssignment:5-88566">
              <Date>2017-03-03</Date>
              <DayTypeRef version="any" ref="RUT:DayType:5-88566"/>
            </DayTypeAssignment>
            <DayTypeAssignment version="any" order="1" id="RUT:DayTypeAssignment:6-88566">
              <Date>2017-03-04</Date>
              <DayTypeRef version="any" ref="RUT:DayType:6-88566"/>
            </DayTypeAssignment>
            <DayTypeAssignment version="any" order="1" id="RUT:DayTypeAssignment:0-88566">
              <Date>2017-03-05</Date>
              <DayTypeRef version="any" ref="RUT:DayType:0-88566"/>
            </DayTypeAssignment>
          </dayTypeAssignments>
        </ServiceCalendarFrame>
      </frames>
    </CompositeFrame>
  </dataObjects>
</PublicationDelivery>