Quay;PublicCode
219000101;L
219014811;3
219014901;A
219014902;B
219014903;C
219014904;D
219014906;F
219014907;G
219254701;H
219254921;O
219255101;A
219255102;B
219255104;D
219255105;E
219255201;G
219255401;K
219255402;J
301000501;N
301000502;P
301001201;H
301001202;G
301001211;E
301001212;F
301001301;D
301001302;A
301001311;C
301001312;B
301006221;J
301006222;K
301044401;J
301044402;K
301060201;C
301060202;D
301095102;F
301095104;E
301095106;D
301095108;C
301095110;B
301095112;A
301114102;F
301114104;E
301114106;D
301114108;C
301114112;A
301120101;B
301120102;A
301120201;C
301120202;D
301120301;F
301120302;E
301120501;H
301120502;G
301121101;A
301121102;B
301121301;C
301121302;D
301141101;D
301141102;C
301141221;A
301141222;B
301144101;A
301144102;B
301144103;C
301144104;D
301144105;E
301144106;F
301144107;G
301144108;H
301200101;B
301200102;A
301200103;C
301210101;B
301210102;A
301210201;E
301210321;C
301210402;F
301210511;G
301210512;H
301210622;D
301212104;H
301212111;C
301212112;A
301212221;E
301212322;F
301243101;B
301243102;A
301245101;A
301245102;B
301245201;C
301245202;D
301250104;C
301250121;E
301250201;D
301250302;B
301250401;A
301250511;F
301250512;G
301250513;H
301255301;Q
301255302;P
301256601;C
301256602;D
301256721;A
301256722;B
301656701;E
301701603;Q
